djb,lucky,2026-04-29,Tic-Tac-Toe
djb,lucky,2026-04-29,ConnectFour
djb,lucky,2026-04-29,Tic-Tac-Toe
a,b,2026-04-29,Tic-Tac-Toe
a,c,2026-04-29,Tic-Tac-Toe
a,d,2026-04-29,Tic-Tac-Toe
b,a,2026-04-29,Tic-Tac-Toe
b,c,2026-04-29,Tic-Tac-Toe
b,d,2026-04-29,Tic-Tac-Toe
c,a,2026-04-29,Tic-Tac-Toe
c,b,2026-04-29,ConnectFour
c,d,2026-04-29,ConnectFour
djb,lucky,2026-04-29,ConnectFour
djb,lucky,2026-04-29,ConnectFour
a,c,2026-04-29,Othello
djb,lucky,2026-04-29,Othello
djb,lucky,2026-04-29,Othello
a,d,2026-04-29,Othello
djb,lucky,2026-04-29,Othello
c,d,2026-04-29,Othello
djb,lucky,2026-04-29,Othello



djb,lucky,2026-04-29,Tic-Tac-Toe
djb,lucky,2026-04-29,ConnectFour
